[
  {
    "Commodity": "Poultry cuts & offal, except livers, fresh or chilled"
  },
  {
    "Commodity": "Swine meat, salted/dried/smoked not ham/shoulder/bell"
  },
  {
    "Commodity": "Fowls, domestic, whole, frozen"
  },
  {
    "Commodity": "Meat and edible offal nes fresh, chilled or frozen"
  },
  {
    "Commodity": "Swine edible offal, fresh or chilled"
  },
  {
    "Commodity": "Poultry, domestic, whole, fresh or chilled"
  },
  {
    "Commodity": "Bovine cuts boneless, frozen"
  },
  {
    "Commodity": "Bovine edible offal, fresh or chilled"
  },
  {
    "Commodity": "Bovine edible offal, frozen except livers and tongues"
  },
  {
    "Commodity": "Swine edible offal, frozen except livers"
  },
  {
    "Commodity": "Meat and edible meat offal cured, flours, meals nes"
  },
  {
    "Commodity": "Swine carcasses and half carcasses, fresh or chilled"
  },
  {
    "Commodity": "Bovine cuts boneless, fresh or chilled"
  },
  {
    "Commodity": "Turkey cuts & offal, except livers, frozen"
  },
  {
    "Commodity": "Bovine cuts bone in, frozen"
  },
  {
    "Commodity": "Swine cuts, frozen nes"
  },
  {
    "Commodity": "Frog legs, fresh, chilled or frozen"
  },
  {
    "Commodity": "Lamb carcasses and half carcasses, frozen"
  },
  {
    "Commodity": "Bovine meat salted, dried or smoked"
  },
  {
    "Commodity": "Bovine carcasses and half carcasses, fresh or chilled"
  },
  {
    "Commodity": "Bovine cuts bone in, fresh or chilled"
  },
  {
    "Commodity": "Sheep cuts, bone in, fresh or chilled"
  },
  {
    "Commodity": "Lamb carcasses and half carcasses, fresh or chilled"
  },
  {
    "Commodity": "Swine cuts, fresh or chilled, nes"
  },
  {
    "Commodity": "Hams and shoulders, swine, salted, dried or smoked"
  },
  {
    "Commodity": "Goat meat, fresh, chilled or frozen"
  },
  {
    "Commodity": "Horse, ass, mule, hinny meat, fresh, chilled or froze"
  },
  {
    "Commodity": "Bovine livers, frozen"
  },
  {
    "Commodity": "Bovine tongues, frozen"
  },
  {
    "Commodity": "Sheep, goat, ass, mule, hinnie edible offal, frozen"
  },
  {
    "Commodity": "Sheep, goat, ass, mule, hinnie offal, fresh or chille"
  },
  {
    "Commodity": "Ducks, geese and guinea fowls, domestic, whole, froze"
  },
  {
    "Commodity": "Hams, shoulders and cuts, of swine, bone in, frozen"
  },
  {
    "Commodity": "Fowl cuts & offal, domestic, except livers, frozen"
  },
  {
    "Commodity": "Bellies (streaky) of swine, salted, dried or smoked"
  },
  {
    "Commodity": "Sheep cuts, bone in, frozen"
  },
  {
    "Commodity": "Sheep cuts, boneless, frozen"
  },
  {
    "Commodity": "Turkeys, domestic, whole, frozen"
  },
  {
    "Commodity": "Duck, goose, guinea fowl cuts, offal not liver, froze"
  },
  {
    "Commodity": "Pig and poultry fat, unrendered"
  },
  {
    "Commodity": "Sheep cuts, boneless, fresh or chilled"
  },
  {
    "Commodity": "Swine livers, frozen"
  },
  {
    "Commodity": "Bovine carcasses and half carcasses, frozen"
  },
  {
    "Commodity": "Sheep carcasses and half carcasses, fresh or chilled"
  },
  {
    "Commodity": "Swine carcasses and half carcasses, frozen"
  },
  {
    "Commodity": "Sheep carcasses and half carcasses, frozen"
  },
  {
    "Commodity": "Swine hams, shoulders & cuts bone in, fresh or chille"
  },
  {
    "Commodity": "Rabbit or hare meat, offal, fresh, chilled or frozen"
  },
  {
    "Commodity": "Fatty livers (geese,ducks) domestic fresh or chilled"
  },
  {
    "Commodity": "Poultry livers, domestic, frozen"
  },
  {
    "Commodity": "Salmon fresh or chilled, whole"
  },
  {
    "Commodity": "Salmon Atlantic or Danube, frozen, whole"
  },
  {
    "Commodity": "Crustaceans nes, not frozen"
  },
  {
    "Commodity": "Fish live, except trout, eel or carp"
  },
  {
    "Commodity": "Trout, fresh or chilled, whole"
  },
  {
    "Commodity": "Salmonidae, not trout or salmon,fresh or chilled whol"
  },
  {
    "Commodity": "Flatfish, fresh/chilled not halibut/plaice/sole, whol"
  },
  {
    "Commodity": "Cod, fresh or chilled, whole"
  },
  {
    "Commodity": "Sardines,brisling,sprats, fresh or chilled, whole"
  },
  {
    "Commodity": "Sardines,brisling,sprats, frozen, whole"
  },
  {
    "Commodity": "Dogfish and other sharks, frozen, whole"
  },
  {
    "Commodity": "Fish fillet or meat, fresh or chilled, not liver, roe"
  },
  {
    "Commodity": "Shrimps and prawns, frozen"
  },
  {
    "Commodity": "Shrimps and prawns, not frozen"
  },
  {
    "Commodity": "Tuna nes, fresh or chilled, whole"
  },
  {
    "Commodity": "Haddock, fresh or chilled, whole"
  },
  {
    "Commodity": "Plaice, frozen, whole"
  },
  {
    "Commodity": "Sea bass, frozen, whole"
  },
  {
    "Commodity": "Cuttle fish, squid, live, fresh or chilled"
  },
  {
    "Commodity": "Octopus, frozen, dried, salted or in brine"
  },
  {
    "Commodity": "Cod, frozen, whole"
  },
  {
    "Commodity": "Mackerel, frozen, whole"
  },
  {
    "Commodity": "Hake, frozen, whole"
  },
  {
    "Commodity": "Fish meat & mince, except liver, roe & fillets, froze"
  },
  {
    "Commodity": "Salmon, Pacific, frozen, whole"
  },
  {
    "Commodity": "Flatfish except halibut, plaice or sole, frozen, whol"
  },
  {
    "Commodity": "Crustaceans nes, frozen,"
  },
  {
    "Commodity": "Oysters"
  },
  {
    "Commodity": "Octopus, live, fresh or chilled"
  },
  {
    "Commodity": "Ornamental fish, live"
  },
  {
    "Commodity": "Eels, live"
  },
  {
    "Commodity": "Eels, frozen, whole"
  },
  {
    "Commodity": "Snails, edible (except sea snails)"
  },
  {
    "Commodity": "Aquatic invertebrates nes, fresh or chilled, live"
  },
  {
    "Commodity": "Fish nes, frozen, whole"
  },
  {
    "Commodity": "Trout, live"
  },
  {
    "Commodity": "Plaice, fresh or chilled, whole"
  },
  {
    "Commodity": "Eels, fresh or chilled, whole"
  },
  {
    "Commodity": "Fish nes, salted or in brine, not dried or smoked"
  },
  {
    "Commodity": "Crabs, not frozen"
  },
  {
    "Commodity": "Trout, frozen, whole"
  },
  {
    "Commodity": "Fish fillets, dried, salted or in brine, not smoked"
  },
  {
    "Commodity": "Fish livers and roes, frozen"
  },
  {
    "Commodity": "Cuttle fish, squid, frozen, dried, salted or in brine"
  },
  {
    "Commodity": "Dogfish and other sharks, fresh or chilled, whole"
  },
  {
    "Commodity": "Tunas nes, frozen, whole"
  },
  {
    "Commodity": "Herrings, frozen, whole"
  },
  {
    "Commodity": "Fish fillets, frozen"
  },
  {
    "Commodity": "Rock lobster and other sea crawfish, frozen"
  },
  {
    "Commodity": "Crabs, frozen"
  },
  {
    "Commodity": "Rock lobster and other sea crawfish not frozen"
  },
  {
    "Commodity": "Lobsters (Homarus), not frozen"
  },
  {
    "Commodity": "Scallops other than live, fresh or chilled"
  },
  {
    "Commodity": "Aquatic invertebrates nes, frozen or preserved"
  },
  {
    "Commodity": "Scallops, live, fresh or chilled"
  },
  {
    "Commodity": "Tuna(yellowfin) fresh or chilled, whole"
  },
  {
    "Commodity": "Skipjack,stripe-belly bonito, fresh or chilled, whole"
  },
  {
    "Commodity": "Coalfish, fresh or chilled, whole"
  },
  {
    "Commodity": "Salmonidae, nes,frozen, whole"
  },
  {
    "Commodity": "Mussels, frozen, dried, salted or in brine"
  },
  {
    "Commodity": "Carp, live"
  },
  {
    "Commodity": "Fish nes, fresh or chilled, whole"
  },
  {
    "Commodity": "Anchovies, salted or in brine, not dried or smoked"
  },
  {
    "Commodity": "Lobsters (Homarus) frozen"
  },
  {
    "Commodity": "Sole, fresh or chilled, whole"
  },
  {
    "Commodity": "Fish livers and roes, fresh or chilled"
  },
  {
    "Commodity": "Mussels, shelled or not, live, fresh or chilled"
  },
  {
    "Commodity": "Halibut, fresh or chilled, whole"
  },
  {
    "Commodity": "Tunas(yellowfin) frozen, whole"
  },
  {
    "Commodity": "Livers and roes, dried, smoked, salted or in brine"
  },
  {
    "Commodity": "Tuna(albacore,longfin) fresh or chilled, whole"
  },
  {
    "Commodity": "Sole, frozen, whole"
  },
  {
    "Commodity": "Smoked fish & fillets other than herrings or salmon"
  },
  {
    "Commodity": "Dried fish, other than cod, not smoked"
  },
  {
    "Commodity": "Cod dried, whether or not salted but not smoked"
  },
  {
    "Commodity": "Flours, meals & pellets of fish for human consumption"
  },
  {
    "Commodity": "Mackerel, fresh or chilled, whole"
  },
  {
    "Commodity": "Herrings, salted or in brine, not dried or smoked"
  },
  {
    "Commodity": "Cod, salted or in brine, not dried or smoked"
  },
  {
    "Commodity": "Herring, fresh or chilled, whole"
  },
  {
    "Commodity": "Salmon, smoked, including fillets"
  },
  {
    "Commodity": "Herrings, smoked, including fillets"
  },
  {
    "Commodity": "Tunas(albacore,longfin), frozen, whole"
  },
  {
    "Commodity": "Skipjack,stripe-bellied bonito, frozen, whole"
  },
  {
    "Commodity": "Coalfish, frozen, whole"
  },
  {
    "Commodity": "Haddock, frozen, whole"
  },
  {
    "Commodity": "Halibut, frozen, whole"
  },
  {
    "Commodity": "Fresh cheese, unfermented whey cheese, curd"
  },
  {
    "Commodity": "Cheese except fresh, grated, processed or blue-veined"
  },
  {
    "Commodity": "Milk and cream unsweetened, concentrated"
  },
  {
    "Commodity": "Milk and cream nes sweetened or concentrated"
  },
  {
    "Commodity": "Yogurt"
  },
  {
    "Commodity": "Buttermilk, curdled milk, cream, kephir, etc."
  },
  {
    "Commodity": "Milk and cream powder sweetened < 1.5% fat"
  },
  {
    "Commodity": "Natural milk products nes"
  },
  {
    "Commodity": "Cheese processed, not grated or powdered"
  },
  {
    "Commodity": "Butter and other fats and oils derived from milk"
  },
  {
    "Commodity": "Milk powder < 1.5% fat"
  },
  {
    "Commodity": "Honey, natural"
  },
  {
    "Commodity": "Whey"
  },
  {
    "Commodity": "Milk not concentrated nor sweetened 1-6% fat"
  },
  {
    "Commodity": "Milk and cream not concentrated nor sweetened < 6% fa"
  },
  {
    "Commodity": "Milk not concentrated nor sweetened < 1% fat"
  },
  {
    "Commodity": "Birds eggs, in shell, fresh, preserved or cooked"
  },
  {
    "Commodity": "Milk and cream powder unsweetened < 1.5% fat"
  },
  {
    "Commodity": "Cheese, blue-veined"
  },
  {
    "Commodity": "Edible products of animal origin nes"
  },
  {
    "Commodity": "Cheese, grated or powdered, of all kinds"
  },
  {
    "Commodity": "Eggs, bird, not in shell, dried"
  },
  {
    "Commodity": "Egg yolks dried"
  },
  {
    "Commodity": "Egg yolks except dried"
  },
  {
    "Commodity": "Eggs, bird, not in shell not dried"
  },
  {
    "Commodity": "Hair & waste of badger and of other brush making hair"
  },
  {
    "Commodity": "Feathers and down used for stuffing"
  },
  {
    "Commodity": "Guts, bladders and stomachs of animals except fish"
  },
  {
    "Commodity": "Whalebone, horns, etc unworked or simply prepared nes"
  },
  {
    "Commodity": "Animal products and domestic animal carcass (non-food"
  },
  {
    "Commodity": "Coral,seashell,cuttle bone,etc, unworked,powder,waste"
  },
  {
    "Commodity": "Ossein and bones treated with acid"
  },
  {
    "Commodity": "Semen bovine"
  },
  {
    "Commodity": "Bristles, hair & waste thereof of pigs, hogs or boars"
  },
  {
    "Commodity": "Hair, human, unworked, waste of human hair"
  },
  {
    "Commodity": "Fish, shellfish and crustaceans (non-food)"
  },
  {
    "Commodity": "Ivory, unworked or simply prepared, powder and waste"
  },
  {
    "Commodity": "Feathers, down, etc. of birds, except for stuffing"
  },
  {
    "Commodity": "Horsehair, waste"
  },
  {
    "Commodity": "Sponges, natural, of animal origin"
  },
  {
    "Commodity": "Bones and horn-cores unworked or simply worked nes"
  },
  {
    "Commodity": "Ambergris, civet, musk, etc for pharmaceutical use"
  },
  {
    "Commodity": "Foliage,branches, for bouquets, etc. - fresh"
  },
  {
    "Commodity": "Foliage,branches, for bouquets, etc. - except fresh"
  },
  {
    "Commodity": "Cut flowers and flower buds for bouquets, etc., fresh"
  },
  {
    "Commodity": "Cut flowers and flower buds for bouquets, dried, etc."
  },
  {
    "Commodity": "Mosses and lichens for bouquets, ornamental purposes"
  },
  {
    "Commodity": "Plants, live (including their roots),nes"
  },
  {
    "Commodity": "Bulbs, tubers, corms, crowns and rhizomes, dormant"
  },
  {
    "Commodity": "Trees, edible fruit or nut, shrubs and bushes"
  },
  {
    "Commodity": "Roses"
  },
  {
    "Commodity": "Cuttings and slips, not rooted"
  },
  {
    "Commodity": "Rhododendrons and azaleas"
  },
  {
    "Commodity": "Bulbs, tubers, corms etc in growth, chicory plants"
  },
  {
    "Commodity": "Mushroom spawn"
  },
  {
    "Commodity": "Mushrooms, fresh or chilled"
  },
  {
    "Commodity": "Lettuce, fresh or chilled except cabbage lettuce"
  },
  {
    "Commodity": "Peas, shelled or unshelled, fresh or chilled"
  },
  {
    "Commodity": "Kidney beans and white pea beans dried shelled"
  },
  {
    "Commodity": "Beans dried, shelled, nes"
  },
  {
    "Commodity": "Vegetables, frozen nes, uncooked steamed or boiled"
  },
  {
    "Commodity": "Vegetables nes and mixtures provisionally preserved"
  },
  {
    "Commodity": "Legumes, except peas and beans, frozen"
  },
  {
    "Commodity": "Vegetables nes & mixtures, dried, not further prepare"
  },
  {
    "Commodity": "Urd,mung,black or green gram beans dried shelled"
  },
  {
    "Commodity": "Lentils dried, shelled"
  },
  {
    "Commodity": "Beans, shelled or unshelled, fresh or chilled"
  },
  {
    "Commodity": "Celery, other than celeriac, fresh or chilled"
  },
  {
    "Commodity": "Beans, frozen, uncooked steamed or boiled"
  },
  {
    "Commodity": "Sweet corn, frozen, uncooked steamed or boiled"
  },
  {
    "Commodity": "Onions, dried, not further prepared"
  },
  {
    "Commodity": "Mushrooms and truffles, dried, not further prepared"
  },
  {
    "Commodity": "Chickpeas, dried, shelled"
  },
  {
    "Commodity": "Leguminous vegetables dried, shelled"
  },
  {
    "Commodity": "Cauliflowers and headed broccoli, fresh or chilled"
  },
  {
    "Commodity": "Chicory, fresh or chilled, except witloof"
  },
  {
    "Commodity": "Spinach, frozen, uncooked steamed or boiled"
  },
  {
    "Commodity": "Cucumbers and gherkins provisionally preserved"
  },
  {
    "Commodity": "Beans, small red (Adzuki) dried, shelled"
  },
  {
    "Commodity": "Potatoes, fresh or chilled except seed"
  },
  {
    "Commodity": "Cabbage lettuce (head lettuce) fresh or chilled"
  },
  {
    "Commodity": "Beetroot,salsify,celeriac,radishes etc. fresh, chille"
  },
  {
    "Commodity": "Truffles, fresh or chilled"
  },
  {
    "Commodity": "Spinach fresh or chilled"
  },
  {
    "Commodity": "Peas, frozen, uncooked steamed or boiled"
  },
  {
    "Commodity": "Legumes except peas & beans, fresh or chilled"
  },
  {
    "Commodity": "Asparagus, fresh or chilled"
  },
  {
    "Commodity": "Olives, provisionally preserved"
  },
  {
    "Commodity": "Garlic, fresh or chilled"
  },
  {
    "Commodity": "Carrots and turnips, fresh or chilled"
  },
  {
    "Commodity": "Aubergines(egg-plants), fresh or chilled"
  },
  {
    "Commodity": "Potatoes seed, fresh or chilled"
  },
  {
    "Commodity": "Leeks & other alliaceous vegetables, fresh or chilled"
  },
  {
    "Commodity": "Globe artichokes, fresh or chilled"
  },
  {
    "Commodity": "Peppers (Capsicum, Pimenta) fresh or chilled"
  },
  {
    "Commodity": "Arrowroot, salep, etc fresh or dried and sago pith"
  },
  {
    "Commodity": "Potatoes, frozen, uncooked steamed or boiled"
  },
  {
    "Commodity": "Sweet potatoes, fresh or dried"
  },
  {
    "Commodity": "Onions and shallots, fresh or chilled"
  },
  {
    "Commodity": "Cucumbers and gherkins, fresh or chilled"
  },
  {
    "Commodity": "Vegetables, fresh or chilled nes"
  },
  {
    "Commodity": "Broad beans and horse beans dried, shelled"
  },
  {
    "Commodity": "Frozen vegetable mixtures, uncooked, boiled or steame"
  },
  {
    "Commodity": "Brussels sprouts, fresh or chilled"
  },
  {
    "Commodity": "Peas dried, shelled"
  },
  {
    "Commodity": "Edible brassicas nes, fresh or chilled"
  },
  {
    "Commodity": "Tomatoes, fresh or chilled"
  },
  {
    "Commodity": "Onions, provisionally preserved"
  },
  {
    "Commodity": "Manioc (cassava), fresh or dried"
  },
  {
    "Commodity": "Witloof chicory, fresh or chilled"
  },
  {
    "Commodity": "Potatoes, dried, not further prepared"
  },
  {
    "Commodity": "Capers, provisionally preserved"
  },
  {
    "Commodity": "Almonds,fresh or dried, shelled"
  },
  {
    "Commodity": "Nuts edible, fresh or dried, nes"
  },
  {
    "Commodity": "Fruits, fresh nes"
  },
  {
    "Commodity": "Rasp-, mul-berries, etc (uncooked, steam, boil),froze"
  },
  {
    "Commodity": "Pears and quinces, fresh"
  },
  {
    "Commodity": "Lemons and limes, fresh or dried"
  },
  {
    "Commodity": "Grapes, fresh"
  },
  {
    "Commodity": "Apricots, fresh"
  },
  {
    "Commodity": "Coconuts, fresh or dried"
  },
  {
    "Commodity": "Papaws (papayas), fresh"
  },
  {
    "Commodity": "Strawberries, fresh"
  },
  {
    "Commodity": "Avocados, fresh or dried"
  },
  {
    "Commodity": "Cranberries, bilberries, similar fruits, fresh"
  },
  {
    "Commodity": "Fruits and nuts, provisionally preserved nes"
  },
  {
    "Commodity": "Grapes, dried"
  },
  {
    "Commodity": "Raspberry, blackberry, mulberry and loganberry, fresh"
  },
  {
    "Commodity": "Prunes, dried"
  },
  {
    "Commodity": "Oranges, fresh or dried"
  },
  {
    "Commodity": "Fruits, dried nes"
  },
  {
    "Commodity": "Cherries, fresh"
  },
  {
    "Commodity": "Plums, sloes, fresh"
  },
  {
    "Commodity": "Almonds in shell fresh or dried"
  },
  {
    "Commodity": "Mandarin, clementine & citrus hybrids, fresh or dried"
  },
  {
    "Commodity": "Citrus fruits, fresh or dried, nes"
  },
  {
    "Commodity": "Peaches, nectarines, fresh"
  },
  {
    "Commodity": "Mixtures of edible nuts, dried and preserved fruits"
  },
  {
    "Commodity": "Hazelnuts and filberts, fresh or dried, shelled"
  },
  {
    "Commodity": "Pistachios, fresh or dried"
  },
  {
    "Commodity": "Bananas, including plantains, fresh or dried"
  },
  {
    "Commodity": "Walnuts in shell, fresh or dried"
  },
  {
    "Commodity": "Figs, fresh or dried"
  },
  {
    "Commodity": "Walnuts, fresh or dried, shelled"
  },
  {
    "Commodity": "Fruits and nuts (uncooked, steamed, boiled) frozen,ne"
  },
  {
    "Commodity": "Guavas, mangoes and mangosteens, fresh or dried"
  },
  {
    "Commodity": "Apples, fresh"
  },
  {
    "Commodity": "Chestnuts, fresh or dried"
  },
  {
    "Commodity": "Melons (including watermelons), fresh"
  },
  {
    "Commodity": "Apricots, dried"
  },
  {
    "Commodity": "Pineapples, fresh or dried"
  },
  {
    "Commodity": "Cashew nuts, fresh or dried"
  },
  {
    "Commodity": "Cherries provisionally preserved"
  },
  {
    "Commodity": "Grapefruit, fresh or dried"
  },
  {
    "Commodity": "Brazil nuts, fresh or dried"
  },
  {
    "Commodity": "Dates, fresh or dried"
  },
  {
    "Commodity": "Peel of citrus fruit or melons"
  },
  {
    "Commodity": "Hazelnuts and filberts in shell fresh or dried"
  },
  {
    "Commodity": "Black, white or red currants and gooseberries, fresh"
  },
  {
    "Commodity": "Strawberries provisionally preserved"
  },
  {
    "Commodity": "Strawberries, (uncooked steamed or boiled), frozen"
  },
  {
    "Commodity": "Apples, dried"
  },
  {
    "Commodity": "Saffron"
  },
  {
    "Commodity": "Spices nes"
  },
  {
    "Commodity": "Tea, green (unfermented) in packages < 3 kg"
  },
  {
    "Commodity": "Coriander seeds"
  },
  {
    "Commodity": "Coffee, roasted, decaffeinated"
  },
  {
    "Commodity": "Tea, green (unfermented) in packages > 3 kg"
  },
  {
    "Commodity": "Tea, black (fermented or partly) in packages < 3 kg"
  },
  {
    "Commodity": "Tea, black (fermented or partly) in packages > 3 kg"
  },
  {
    "Commodity": "Capsicum or Pimenta, dried, crushed or ground"
  },
  {
    "Commodity": "Fennel seeds, juniper berries"
  },
  {
    "Commodity": "Mixtures of spices"
  },
  {
    "Commodity": "Coffee, not roasted, not decaffeinated"
  },
  {
    "Commodity": "Thyme and bay leaves"
  },
  {
    "Commodity": "Mate"
  },
  {
    "Commodity": "Coffee, not roasted, decaffeinated"
  },
  {
    "Commodity": "Pepper of the genus Piper, crushed or ground"
  },
  {
    "Commodity": "Anise or badian seeds"
  },
  {
    "Commodity": "Curry"
  },
  {
    "Commodity": "Cinnamon and cinnamon-tree flowers crushed or ground"
  },
  {
    "Commodity": "Turmeric (curcuma)"
  },
  {
    "Commodity": "Coffee, roasted, not decaffeinated"
  },
  {
    "Commodity": "Coffee substitutes containing coffee"
  },
  {
    "Commodity": "Ginger"
  },
  {
    "Commodity": "Vanilla beans"
  },
  {
    "Commodity": "Caraway seeds"
  },
  {
    "Commodity": "Pepper of the genus Piper, whole"
  },
  {
    "Commodity": "Nutmeg"
  },
  {
    "Commodity": "Mace"
  },
  {
    "Commodity": "Cumin seeds"
  },
  {
    "Commodity": "Cloves (whole fruit, cloves and stems)"
  },
  {
    "Commodity": "Cinnamon and cinnamon-tree flowers whole"
  },
  {
    "Commodity": "Cardamoms"
  },
  {
    "Commodity": "Coffee husks and skins"
  },
  {
    "Commodity": "Maize except seed corn"
  },
  {
    "Commodity": "Maize (corn) seed"
  },
  {
    "Commodity": "Rice, husked (brown)"
  },
  {
    "Commodity": "Rice, semi-milled or wholly milled"
  },
  {
    "Commodity": "Rice in the husk (paddy or rough)"
  },
  {
    "Commodity": "Wheat except durum wheat, and meslin"
  },
  {
    "Commodity": "Rice, broken"
  },
  {
    "Commodity": "Cereals unmilled nes"
  },
  {
    "Commodity": "Durum wheat"
  },
  {
    "Commodity": "Rye"
  },
  {
    "Commodity": "Canary seed"
  },
  {
    "Commodity": "Grain sorghum"
  },
  {
    "Commodity": "Buckwheat"
  },
  {
    "Commodity": "Oats"
  },
  {
    "Commodity": "Barley"
  },
  {
    "Commodity": "Millet"
  },
  {
    "Commodity": "Maize (corn), hulled, pearled, sliced or kibbled"
  },
  {
    "Commodity": "Cereals, hulled, pearled, sliced or kibbled nes"
  },
  {
    "Commodity": "Maize (corn) starch"
  },
  {
    "Commodity": "Potato flour or meal"
  },
  {
    "Commodity": "Starches except wheat, maize, potato, manioc"
  },
  {
    "Commodity": "Maize (corn) flour"
  },
  {
    "Commodity": "Potato starch"
  },
  {
    "Commodity": "Cereal pellets except wheat"
  },
  {
    "Commodity": "Cereal flour except wheat, meslin, rye, maize, rice"
  },
  {
    "Commodity": "Oats, rolled or flaked grains"
  },
  {
    "Commodity": "Cereal groats or meal except wheat, maize, rice, oats"
  },
  {
    "Commodity": "Cereals, rolled or flaked grains nes"
  },
  {
    "Commodity": "Wheat or meslin flour"
  },
  {
    "Commodity": "Flour, meal, powder of fruit/nut, citrus or melon pee"
  },
  {
    "Commodity": "Wheat meal"
  },
  {
    "Commodity": "Potato flakes, granules and pellets"
  },
  {
    "Commodity": "Maize (corn) groats or meal"
  },
  {
    "Commodity": "Germ of cereals, whole, rolled, flaked or ground"
  },
  {
    "Commodity": "Oat groats or meal"
  },
  {
    "Commodity": "Malt, roasted"
  },
  {
    "Commodity": "Inulin"
  },
  {
    "Commodity": "Flour or meal of sago, starchy roots or tubers"
  },
  {
    "Commodity": "Manioc (cassava) starch"
  },
  {
    "Commodity": "Rye flour"
  },
  {
    "Commodity": "Barley, hulled, pearled, sliced or kibbled"
  },
  {
    "Commodity": "Rice flour"
  },
  {
    "Commodity": "Wheat pellets"
  },
  {
    "Commodity": "Malt, not roasted"
  },
  {
    "Commodity": "Barley, rolled or flaked grains"
  },
  {
    "Commodity": "Rice groats or meal"
  },
  {
    "Commodity": "Flour or meal of dried legumes"
  },
  {
    "Commodity": "Wheat, starch"
  },
  {
    "Commodity": "Oats, hulled, pearled, sliced or kibbled"
  },
  {
    "Commodity": "Wheat gluten"
  },
  {
    "Commodity": "Seed, vegetable, nes for sowing"
  },
  {
    "Commodity": "Seed, fruits and spores for sowing, nes"
  },
  {
    "Commodity": "Seed, forage plants, for sowing nes"
  },
  {
    "Commodity": "Vegetable products nes for human consumption"
  },
  {
    "Commodity": "Sesamum seeds"
  },
  {
    "Commodity": "Seed, lucerne (alfalfa), for sowing"
  },
  {
    "Commodity": "Oil seeds and oleaginous fruits, nes"
  },
  {
    "Commodity": "Seed, clover, for sowing"
  },
  {
    "Commodity": "Hop cones, not ground, powdered or pelleted"
  },
  {
    "Commodity": "Rape or colza seeds"
  },
  {
    "Commodity": "Liquorice roots"
  },
  {
    "Commodity": "Ground-nuts shelled, not roasted or cooked"
  },
  {
    "Commodity": "Locust beans, locust seeds"
  },
  {
    "Commodity": "Sunflower seeds"
  },
  {
    "Commodity": "Ginseng roots"
  },
  {
    "Commodity": "Flour or meal of oil seed, fruit, except mustard, soy"
  },
  {
    "Commodity": "Seed, beet, except sugar, for sowing"
  },
  {
    "Commodity": "Cereal straw & husks, unprepared"
  },
  {
    "Commodity": "Other fodder and forage products, roots, etc."
  },
  {
    "Commodity": "Hop cones, ground, powdered or pelleted and lupulin"
  },
  {
    "Commodity": "Shea nuts (karite nuts)"
  },
  {
    "Commodity": "Plants & parts, pharmacy, perfume, insecticide use ne"
  },
  {
    "Commodity": "Linseed"
  },
  {
    "Commodity": "Ground-nuts in shell not roasted or cooked"
  },
  {
    "Commodity": "Apricot, peach and plum stones & kernels, human food"
  },
  {
    "Commodity": "Cotton seeds"
  },
  {
    "Commodity": "Castor oil seeds"
  },
  {
    "Commodity": "Soya beans"
  },
  {
    "Commodity": "Mustard seeds"
  },
  {
    "Commodity": "Seed, sugar beet, for sowing"
  },
  {
    "Commodity": "Soya bean flour or meal"
  },
  {
    "Commodity": "Seed, fescue, for sowing"
  },
  {
    "Commodity": "Palm nuts and kernels"
  },
  {
    "Commodity": "Seaweeds and other algae,"
  },
  {
    "Commodity": "Seed, flower, for sowing"
  },
  {
    "Commodity": "Poppy seeds"
  },
  {
    "Commodity": "Sugar cane"
  },
  {
    "Commodity": "Copra"
  },
  {
    "Commodity": "Sugar beet"
  },
  {
    "Commodity": "Seed, Kentucky blue grass, for sowing"
  },
  {
    "Commodity": "Seed, rye grass, for sowing"
  },
  {
    "Commodity": "Seed, Timothy grass, for sowing"
  },
  {
    "Commodity": "Safflower seeds"
  },
  {
    "Commodity": "Lucerne (alfalfa) meal and pellets"
  }
]
